Date,Real_Close,Predicted_Close
2020-09-01,0.0130167648868699,0.017959142606441585
2020-09-02,0.0157602208392068,0.013164883685778598
2020-09-03,0.0231733538147463,0.01630327013911321
2020-09-04,0.0213054857888207,0.024180011173387136
2020-09-07,0.0192041220824746,0.02122023612154257
2020-09-08,0.0208385083447567,0.01960208570132213
2020-09-09,0.0206633935428298,0.021596029261692688
2020-09-10,0.0160520695645672,0.021039666184333127
2020-09-11,0.0192624890441913,0.016440356906417472
2020-09-14,0.0147679129061389,0.02017598048548975
2020-09-15,0.0157018399607134,0.015184865006741823
2020-09-16,0.0150597616314992,0.016498380473485934
2020-09-17,0.0088140513909546,0.015877351832510364
2020-09-18,0.0002334817636435,0.009116149614187692
2020-09-21,0.0,0.0003602031600994293
2020-09-22,0.0005253304890038,0.0004455539981694941
2020-09-23,0.0072380181736125,0.0008500218170277298
2020-09-24,0.0077049956176764,0.00879270622155829
2020-09-25,0.0130751457653634,0.00830896591549966
2020-09-28,0.0099814741259494,0.01392359321774715
2020-09-29,0.0123746865576558,0.010317394793504428
2020-09-30,0.0126665491997928,0.013138976754565879
2020-10-01,0.0127249161615096,0.01293327261389898
2020-10-02,0.0142425685003582,0.013533103982134382
2020-10-05,0.018503662874767,0.014760294986073619
2020-10-06,0.0147679129061389,0.01930426488730074
2020-10-07,0.0160520695645672,0.015093789728126208
2020-10-08,0.0134253753692172,0.016699939864385335
2020-10-09,0.011207263822661,0.013729472892074532
2020-10-12,0.0057203658347638,0.01171815659634692
2020-10-13,0.0063040772022612,0.006038342603795559
2020-10-14,0.0056619988730471,0.007331508430054457
2020-10-15,0.0101565889278763,0.006926749389500447
2020-10-16,0.0114407455863046,0.011367391867037096
2020-10-19,0.0156434729989966,0.012510360521125877
2020-10-20,0.0136588571328608,0.016939362365501903
2020-10-21,0.0155851060372799,0.013830161955454383
2020-10-22,0.0195543377695516,0.016671144953775644
2020-10-23,0.0161104504430606,0.02061264560136058
2020-10-26,0.0143593024237916,0.017129452662134222
2020-10-27,0.012024456953802,0.014367142339757923
2020-10-28,0.0104484376532367,0.012904188662758314
2020-10-29,0.0176280888651325,0.010735798605943503
2020-10-30,0.019787833449972,0.01899309581664651
2020-11-02,0.0274928290676486,0.020500945098008372
2020-11-03,0.0172778731780554,0.02886273196966844
2020-11-04,0.0233484686166732,0.018237319190659726
2020-11-05,0.0190290072805477,0.02438706934581579
2020-11-06,0.0431946829451389,0.01924442233303641
2020-11-09,0.0543435798060832,0.04498117368548672
2020-11-10,0.0573788705670037,0.0553883882100836
2020-11-11,0.0542851989275898,0.05798334092018586
2020-11-12,0.0591883855479894,0.055102526021946756
2020-11-13,0.0874400407850625,0.059719860938362714
2020-11-16,0.0780422780266104,0.08370792734644851
2020-11-17,0.0788594711577514,0.07680169517842322
2020-11-18,0.0824201202412294,0.07945040574073287
2020-11-19,0.0839961395417947,0.08341107537524017
2020-11-20,0.0858056545227804,0.08361301996565015
2020-11-23,0.0943278432715981,0.08628385383956999
2020-11-24,0.0948531876773788,0.09525006017529106
2020-11-25,0.0939776136677442,0.09519127466008617
2020-11-26,0.1049513957267617,0.0945073884580935
2020-11-27,0.1033170094644796,0.1062696017237808
2020-11-30,0.1076948516790986,0.10435809537613151
2020-12-01,0.1120726799769409,0.1093791569535029
2020-12-02,0.1119559460535074,0.11332777894177595
2020-12-03,0.1251478257423043,0.11248168699458906
2020-12-04,0.1190772163869098,0.1264191648893086
2020-12-07,0.1164505361083366,0.11894425479266786
2020-12-08,0.1164505361083366,0.11690539864099884
2020-12-09,0.1105550276380922,0.11700054669758679
2020-12-10,0.105710221896186,0.10976680153796495
2020-12-11,0.1090373752992436,0.10616123286043724
2020-12-14,0.113181735750219,0.10987814535342655
2020-12-15,0.1106717893950792,0.11425897245420931
2020-12-16,0.1108468902802293,0.11159317749515725
2020-12-17,0.1105550276380922,0.11169247469971653
2020-12-18,0.1004568195887093,0.11160412532813228
2020-12-21,0.1054183731708257,0.10123491907116385
2020-12-22,0.1121310469386576,0.10660080980959753
2020-12-23,0.1132401027119357,0.11319919970272185
2020-12-24,0.1119559460535074,0.11381057360450088
2020-12-28,0.1113722207692333,0.11197368617602786
2020-12-29,0.1117224503730871,0.11135074947454665
2020-12-30,0.1094459718648141,0.11185278705011478
2020-12-31,0.1119559460535074,0.10977342981211188
2021-01-04,0.1117224503730871,0.11213042341054992
2021-01-05,0.1254396883844414,0.11268376163466026
2021-01-06,0.1279496625731348,0.1261430682335369
2021-01-07,0.1235134394800223,0.1281568957247998
2021-01-08,0.1220541541028904,0.12318885437134469
2021-01-11,0.1223460167450275,0.12246193966398207
2021-01-12,0.118843748540043,0.12251228080915574
2021-01-13,0.1175595640480612,0.1191182080148068
2021-01-14,0.1125396435042281,0.11837235118345618
2021-01-15,0.1155749481819254,0.11275663033605268
2021-01-18,0.1086871456953898,0.11673621823767184
2021-01-19,0.1103799267529421,0.10820897838762863
2021-01-20,0.1094459718648141,0.11126403137301857
2021-01-21,0.107519722960395,0.10988707514591772
2021-01-22,0.1008070491925631,0.10820885970789282
2021-01-25,0.1041342025956207,0.10011201447754842
2021-01-26,0.0977717445148658,0.10486500814444648
2021-01-27,0.1039590877936938,0.09742670955020309
2021-01-28,0.0938024988658174,0.10531674582233136
2021-01-29,0.0932771544600366,0.09361099127077961
2021-02-01,0.1064690480656103,0.09291140002463798
2021-02-02,0.108336916091536,0.10716156850536634
2021-02-03,0.1259066519117287,0.10693169868980601
2021-02-04,0.1319772612671232,0.1263604084410605
2021-02-05,0.135946492999395,0.132023395252971
2021-02-08,0.1294672870784299,0.13520344976534146
2021-02-09,0.1304012419665579,0.12852422237761135
2021-02-10,0.1297007827588502,0.13002065339869417
2021-02-11,0.1307514715704116,0.1297538060524862
2021-02-12,0.1404410830542241,0.13118224301875958
2021-02-15,0.1369971818109564,0.1407765881001446
2021-02-16,0.1335532805676885,0.13716476250417214
2021-02-17,0.1336116475294053,0.13338072557440356
2021-02-18,0.1368804478875229,0.1340960626425602
2021-02-19,0.1350709329065372,0.13742934380121968
2021-02-22,0.1418420014696393,0.13588091991288476
2021-02-23,0.144176846939629,0.1431709993506196
2021-02-24,0.1484963082757545,0.1450488215616263
2021-02-25,0.1426008276390637,0.14865640912971081
2021-02-26,0.1430094242046342,0.1430696913343789
2021-03-01,0.140265982169074,0.14267248772376173
2021-03-02,0.1482044456336174,0.14045592730882123
2021-03-03,0.1466867932947688,0.1485796805928225
2021-03-04,0.1484379413140378,0.14724844575625753
2021-03-05,0.1540999541038618,0.14876321222647265
2021-03-08,0.1489632718030417,0.15404343566805712
2021-03-09,0.1453442696746238,0.14838445558255842
2021-03-10,0.1467451602564855,0.1452115059641566
2021-03-11,0.1526406687267299,0.1463324257760552
2021-03-12,0.1482044456336174,0.15318098136825214
2021-03-15,0.1467451602564855,0.14787271527976753
2021-03-16,0.1524071730463095,0.14664735510336563
2021-03-17,0.1578356901557131,0.1528574835831128
2021-03-18,0.1469786559369059,0.15782034993701433
2021-03-19,0.1259066519117287,0.1464627390985298
2021-03-22,0.1270740746467235,0.12667021167687043
2021-03-23,0.1304596089282746,0.12793871205130972
2021-03-24,0.1281831304200017,0.1314245408734684
2021-03-25,0.1326777204748308,0.12889526567482834
2021-03-26,0.1288252226659925,0.13361871888482219
2021-03-29,0.1365302182836691,0.12914445520718862
2021-03-30,0.1322691239092603,0.1367973258028116
2021-03-31,0.13340734924662,0.13207935209923177
2021-04-01,0.1381354349818696,0.1334279832225752
2021-04-06,0.1376392740569472,0.13797868715483158
2021-04-07,0.1388358663560237,0.13748885446355474
2021-04-08,0.1325609865513974,0.1384292952229684
2021-04-09,0.1352460616252409,0.13163954345248968
2021-04-12,0.1319772612671232,0.1353049995059405
2021-04-13,0.1357421947166097,0.13153891747607066
2021-04-14,0.1271032720443586,0.13589416052686745
2021-04-15,0.1285625574214906,0.12618030543515876
2021-04-16,0.1373766088124453,0.12867518803530023
2021-04-19,0.1256439866672267,0.13804337708884307
2021-04-20,0.1240679673666614,0.12463616756434141
2021-04-21,0.1307806411344933,0.12441238341652769
2021-04-22,0.1268406067998567,0.13149951693060818
2021-04-23,0.1353335981510392,0.12644167414218285
2021-04-26,0.1357130251525281,0.13606259532996054
2021-04-27,0.1361507912821802,0.13679641626799205
2021-04-28,0.1395363255637313,0.1349914959943201
2021-04-29,0.1465408619737002,0.13938581591023472
2021-04-30,0.1468619220134725,0.14641490167593102
2021-05-03,0.1462198297674815,0.1468547666936454
2021-05-04,0.1524947374056613,0.1457478289778999
2021-05-05,0.1544793532717972,0.15230852727580374
2021-05-06,0.1553549133646549,0.15447422012156375
2021-05-07,0.161571454041118,0.15519615326348982
2021-05-10,0.1604623982678399,0.1617886138120085
2021-05-11,0.1601121686639861,0.16077402529429108
2021-05-12,0.1594701042515487,0.16043834091233716
2021-05-13,0.1674085677160922,0.16020405404286925
2021-05-14,0.1662411449810973,0.16808165531027747
2021-05-17,0.1730705805059161,0.16677990192429076
2021-05-18,0.1655115162093081,0.17382112775314085
2021-05-19,0.1659492823389603,0.16541066668296972
2021-05-20,0.1728370848254958,0.1661030049828962
2021-05-21,0.1716112951287842,0.1734638766831505
2021-05-24,0.1721950204130584,0.17159091349529984
2021-05-25,0.1706773680742098,0.17280711336569393
2021-05-26,0.1741212693174775,0.17095200582017647
2021-05-27,0.1731289474676329,0.1744568950390891
2021-05-28,0.173712672751907,0.17272028467234124
2021-05-31,0.178966061142607,0.1739580675674543
2021-06-01,0.1803086125963055,0.17965110864021508
2021-06-02,0.1824683293475915,0.1806886103515143
2021-06-03,0.1784407306536031,0.18315251113971154
2021-06-04,0.1849199365745681,0.17823479162899297
2021-06-07,0.1840443764817104,0.18557792981967544
2021-06-08,0.18124253965088,0.18381215392340503
2021-06-09,0.1817095031781672,0.18133893613128568
2021-06-10,0.1801334838776018,0.1819987919997807
2021-06-11,0.1857954966674259,0.18038466807457498
2021-06-14,0.1873715159679912,0.1864493868198424
2021-06-15,0.18381088080129,0.18783472272074192
2021-06-16,0.1889475352685565,0.18317739691389878
2021-06-17,0.1787325932957402,0.18900569181227203
2021-06-18,0.1796665203503146,0.17802552947719583
2021-06-21,0.1820013658203043,0.18059760696948696
2021-06-22,0.1815344022930171,0.18191187694523736
2021-06-23,0.1850366704980015,0.1813933496137441
2021-06-24,0.1909321789682459,0.1854555415649129
2021-06-25,0.1819429988585876,0.1910831989311591
2021-06-28,0.1828185589514453,0.18066932775031727
2021-06-29,0.179082822899594,0.1829175667828058
2021-06-30,0.1896479944762642,0.17880611115181094
2021-07-01,0.182993687670149,0.1899340024267948
2021-07-02,0.190815417211259,0.1822156194546904
2021-07-05,0.1823515954241581,0.1913206804658772
2021-07-06,0.1786158315387532,0.181320475039508
2021-07-07,0.1686343574128037,0.1778413874411247
2021-07-08,0.1790244559378773,0.1683095073061259
2021-07-09,0.1808339430853095,0.17955726425733187
2021-07-12,0.1744131041260611,0.18075698477751595
2021-07-13,0.1756972886180429,0.17380240939018818
2021-07-14,0.1772149409568915,0.1759508515887976
2021-07-15,0.1710275976780636,0.1771672530036612
2021-07-16,0.160754260909977,0.16979799079813357
2021-07-19,0.1672918337926587,0.16056558805572846
2021-07-20,0.1788493272191736,0.16764727397698076
2021-07-21,0.1804253465197389,0.179283635890501
2021-07-22,0.1871380481211244,0.1799321240672213
2021-07-23,0.1937923549272395,0.187471574729318
2021-07-26,0.1916326103424,0.1937321417135159
2021-07-27,0.1874882777249781,0.19090254950326863
2021-07-28,0.1898231231949678,0.18627010676601707
2021-07-29,0.1897647283996976,0.1895012416950655
2021-07-30,0.1920412069079705,0.18981891143528715
2021-08-02,0.199045771151493,0.19183061324734393
2021-08-03,0.2045326552226134,0.19895447623339738
2021-08-04,0.2038905629766225,0.2043799402702708
2021-08-05,0.2102530349741541,0.2039996688251817
2021-08-06,0.2101363010507207,0.21033969677342984
2021-08-09,0.2139887988595589,0.21000034160436168
2021-08-10,0.2186001228378216,0.21448567677454886
2021-08-11,0.2176661679496936,0.218930461512073
2021-08-12,0.2160317816874115,0.21776460602512943
2021-08-13,0.2134050735752848,0.21603393603722965
2021-08-16,0.2050579857116173,0.21350829537733704
2021-08-17,0.2121792838785732,0.20461404268075803
2021-08-18,0.2001548269247711,0.21277368824624338
2021-08-19,0.198111816263365,0.20006051227038532
2021-08-20,0.1998045973209174,0.19828874914236738
2021-08-23,0.1949597776622344,0.1999649246468203
2021-08-24,0.2070426015777532,0.19430879100124454
2021-08-25,0.2015557175066328,0.20803108144264496
2021-08-26,0.1996294686022137,0.20110482079001152
2021-08-27,0.1970027604900869,0.199501446683559
2021-08-30,0.1977032196977946,0.19651998762645356
2021-08-31,0.202956635922048,0.197181068454369
2021-09-01,0.2013222496597659,0.20245552471822142
2021-09-02,0.1989290093945061,0.20053075877254525
2021-09-03,0.1986955415476392,0.19794771349141865
2021-09-06,0.200388294771638,0.19790226297880975
2021-09-07,0.1961272003972292,0.1997369205043312
2021-09-08,0.195660236869942,0.19537370056616343
2021-09-09,0.1949597776622344,0.19552999308274396
2021-09-10,0.2006217904520584,0.19420425547902598
2021-09-13,0.1996294686022137,0.2006314401215037
2021-09-14,0.2009136530941955,0.19907550483336736
2021-09-15,0.2080349234275979,0.20076871410204938
2021-09-16,0.2049996187499006,0.20814224457344976
2021-09-17,0.1802502456345888,0.20380688140145298
2021-09-20,0.1821764945390079,0.17814313936376863
2021-09-21,0.1901733527988216,0.18205480344922365
2021-09-22,0.199045771151493,0.1898364903341088
2021-09-23,0.2043575265039097,0.19911798800466987
2021-09-24,0.2113037237857155,0.20504317868619246
2021-09-27,0.2058751788427583,0.21114426580715592
2021-09-28,0.2090856122391593,0.20425717402180293
2021-09-29,0.2076263268620273,0.20830946123872282
2021-09-30,0.2027231402416277,0.20654790289167624
2021-10-01,0.2027815072033443,0.20310832229298784
2021-10-04,0.2241453738706586,0.20313021522265395
2021-10-05,0.2209349683078112,0.22496040459695327
2021-10-06,0.2264802193406483,0.21990023548731355
2021-10-07,0.2200593803814,0.2257888051533169
2021-10-08,0.2191254533268255,0.219965485545788
2021-10-11,0.2185417280425514,0.2183714448345703
2021-10-12,0.206050307561462,0.2189370931154346
2021-10-13,0.202956635922048,0.2048048803507751
2021-10-14,0.2106616315397246,0.20298023569742427
2021-10-15,0.2138136701408553,0.21116877376867754
2021-10-18,0.2110702281052951,0.2141952497835888
2021-10-19,0.2142222667064258,0.21102575224733605
2021-10-20,0.2043575265039097,0.21435677221659574
2021-10-21,0.2058168118810416,0.20336551636158348
2021-10-22,0.2066923998074529,0.20561753069544628
2021-10-25,0.2056417109958915,0.20675073142960698
2021-10-26,0.2016724514300663,0.2053064222520033
2021-10-27,0.2031901037689149,0.201062362167542
2021-10-28,0.2277643759990765,0.20286035799872498
2021-10-29,0.2404309251988696,0.2274146579425023
2021-11-01,0.2336015175076042,0.23963321638306312
2021-11-02,0.2348273072043157,0.23238426303949558
2021-11-03,0.2264802193406483,0.2341067848063172
2021-11-04,0.2256630262095073,0.22379138049713182
2021-11-05,0.2253711635673702,0.22491353681631507
2021-11-08,0.2225693545700933,0.2253946462581164
2021-11-09,0.226013255813361,0.22260342713313203
2021-11-10,0.2288150648106379,0.22634923689970834
2021-11-11,0.2315585068461981,0.2283883395331933
2021-11-12,0.2162652495342784,0.2303582830507142
2021-11-15,0.2124127517254401,0.2160639749882923
2021-11-16,0.2096693096898799,0.2120895178637633
2021-11-17,0.1911656468151128,0.20974519489917673
2021-11-18,0.1892977648724104,0.18946275929562825
2021-11-19,0.1905235545691219,0.18949767705126191
2021-11-22,0.1828769537467156,0.19064236642677126
2021-11-23,0.1768647113530377,0.18338820248218196
2021-11-24,0.1791995568230274,0.17678080140667565
2021-11-25,0.1567850291777052,0.17932068093189907
2021-11-26,0.1542458575913768,0.15694253666215
2021-11-29,0.1484087439164027,0.15392591354592275
2021-11-30,0.1551214455177881,0.14905108277832838
2021-12-01,0.1524655400080262,0.15587741766867622
2021-12-02,0.1534870592555061,0.15318723179363486
2021-12-03,0.1658325484155268,0.15293413709474935
2021-12-06,0.1735375440332034,0.16577636511922314
2021-12-07,0.177623537522462,0.17238096753483884
2021-12-08,0.1748217285251852,0.17685765790106364
2021-12-09,0.1721950204130584,0.17390686035877742
2021-12-10,0.1721950204130584,0.1714818240705751
2021-12-13,0.172778717863779,0.1712775577373647
2021-12-14,0.1712610655249305,0.17181357421335122
2021-12-15,0.1738294066753404,0.17070235710341625
2021-12-16,0.1656282501327415,0.17310905989300457
2021-12-17,0.1626221428526794,0.16451683421197366
2021-12-20,0.169393183582228,0.16348328225744416
2021-12-21,0.1714361942436341,0.16905594569828594
2021-12-22,0.1756972886180429,0.1715765122067511
2021-12-23,0.1791995568230274,0.1761541590759387
2021-12-27,0.1802502456345888,0.17998093407506574
2021-12-28,0.1813009066125967,0.18025696826660717
2021-12-29,0.1803669795580222,0.18135270843567716
2021-12-30,0.1809507048422964,0.1801291430244735
2022-01-03,0.1887140674216897,0.1804716074571219
2022-01-04,0.1879552412522654,0.18848000810545035
2022-01-05,0.1925081982688112,0.18723510339092372
2022-01-06,0.2000380651677842,0.19285360297041843
2022-01-07,0.1994543677170635,0.19986714427155436
2022-01-10,0.2005050286950714,0.198500650109253
2022-01-11,0.2065172710887492,0.2004075763024568
2022-01-12,0.2100779062554504,0.20639495244045966
2022-01-13,0.210486502821021,0.21010544742719722
2022-01-14,0.2113620907474322,0.2110577392237648
2022-01-17,0.2113620907474322,0.2114012921992454
2022-01-18,0.2061670414848954,0.2119036720328451
2022-01-19,0.2068091337308863,0.2056566195309666
2022-01-20,0.2023145436760571,0.2071818474100488
2022-01-21,0.1909321789682459,0.20269134142060244
2022-01-24,0.194726281981814,0.1902239027160515
2022-01-25,0.2020810758291903,0.1954709156613241
2022-01-26,0.2056417109958915,0.2024555078066003
2022-01-27,0.2033652324876185,0.20635996469993922
2022-01-28,0.2027815072033443,0.20377780814878105
2022-01-31,0.2096693096898799,0.20203546801689323
2022-02-01,0.2133467066135681,0.20946935423984203
2022-02-02,0.2063421702035991,0.21263697783027274
2022-02-03,0.2058168118810416,0.20633394768923463
2022-02-04,0.2095525757664465,0.20504586439240197
2022-02-07,0.2174327001028268,0.2087765932213872
2022-02-08,0.2250209339635164,0.21721003810031156
2022-02-09,0.2274141742287763,0.22481410723145898
2022-02-10,0.2222191249662395,0.22744992619630633
2022-02-11,0.2084435199931684,0.22162189638930266
2022-02-14,0.2167906078568358,0.2083519136421566
2022-02-15,0.2134050735752848,0.21739601099367367
2022-02-16,0.2094358418430131,0.21246444180122928
2022-02-17,0.2073344642198902,0.20965884393380563
2022-02-18,0.20202268103392,0.20744671666084352
2022-02-21,0.2033068655259018,0.20065154047477024
2022-02-22,0.2039489299383393,0.20410757925943962
2022-02-23,0.1832271555170158,0.20340891661176233
2022-02-24,0.1911656468151128,0.18411657282755617
2022-02-25,0.1827018250280119,0.19220960190977832
2022-02-28,0.1706773680742098,0.18338348912298294
2022-03-01,0.1767479774296043,0.16992524370447992
2022-03-02,0.1710275976780636,0.17793235878942332
2022-03-03,0.1540707567062267,0.17003912858732242
2022-03-04,0.1357421947166097,0.15312329973084238
2022-03-07,0.1422214006375747,0.13703309818569606
2022-03-08,0.165482318811673,0.14384249930957155
2022-03-09,0.1652780205288878,0.1660189732973284
2022-03-10,0.1653655848882396,0.16493544865018983
2022-03-11,0.1719031577709213,0.1645911292044473
2022-03-14,0.1735959109949201,0.17147129637813774
2022-03-15,0.1874882777249781,0.17240701644120152
2022-03-16,0.1828185589514453,0.1860657789173294
2022-03-17,0.1821181275772912,0.18113248147589936
2022-03-18,0.1827018250280119,0.18141031178890143
2022-03-21,0.1870796533258541,0.18178517262561084
2022-03-22,0.1773900418420417,0.18580062414883752
2022-03-23,0.172778717863779,0.17578483002936884
2022-03-24,0.172486855221642,0.1717288217899663
2022-03-25,0.1748217285251852,0.17258852464070104
2022-03-28,0.1950181446239511,0.17476692172711467
2022-03-29,0.188538938702986,0.19546799637956352
2022-03-30,0.1780321340880326,0.18814724651666112
2022-03-31,0.1827018250280119,0.1776611984593397
2022-04-01,0.1845697069707143,0.18290557752183847
2022-04-04,0.1803669795580222,0.18373443761328614
2022-04-05,0.157397924026061,0.17998193075239868
2022-04-06,0.1567558317800701,0.15702222367706356
2022-04-07,0.1595284712132654,0.15697728128583022
2022-04-08,0.1635560699072539,0.15904264969273524
2022-04-11,0.1640230334345411,0.16336119543957076
2022-04-12,0.1630599089823315,0.16478527551644734
2022-04-13,0.1677587973199459,0.16323188065658378
2022-04-14,0.1705606063172228,0.1676412567614431
2022-04-19,0.1710859646397803,0.17033351839902244
2022-04-20,0.1746465998064815,0.17034803772172946
2022-04-21,0.1661244110576639,0.17448217389168735
2022-04-22,0.1547128489522176,0.16498312601580167
2022-04-25,0.1472413211814078,0.15410396082833894
2022-04-26,0.1479709777867505,0.14509185486903753
2022-04-27,0.1510646494261645,0.14695143743974162
2022-04-28,0.1692180826970779,0.1503921188942166
2022-04-29,0.156726634382435,0.1693298822984221
2022-05-02,0.1596452051366989,0.1558099971774649
2022-05-03,0.1523488060845928,0.15934990429682383
2022-05-04,0.1418420014696393,0.15111983358383535
2022-05-05,0.1417836345079226,0.13964753149575548
2022-05-06,0.1411999092236484,0.14234124343866955
2022-05-09,0.1447605443903496,0.14107359496600513
2022-05-10,0.1510354520285294,0.14443170648985953
2022-05-11,0.1487589735202564,0.1508400017241382
2022-05-12,0.1570184970245721,0.14880407853014369
2022-05-13,0.1569017631011387,0.15670816113979788
2022-05-16,0.1599662373429175,0.1563929759013835
2022-05-17,0.1572519927049925,0.15924182859222513
2022-05-18,0.1521445078018075,0.15642971009735618
2022-05-19,0.1510354520285294,0.15162739388372876
2022-05-20,0.1582442867212836,0.15037543282925234
2022-05-23,0.1566974648183534,0.1577748550866256
2022-05-24,0.1596452051366989,0.15644488586303076
2022-05-25,0.1661827780193806,0.15908999473877822
2022-05-26,0.1681673938855165,0.16588537017829863
2022-05-27,0.1743547371643444,0.16774319310462987
2022-05-30,0.1703855054320727,0.17427317840812515
2022-05-31,0.1662411449810973,0.1699452917219692
2022-06-01,0.1651029196437376,0.16546427418209972
2022-06-02,0.1632934046627519,0.16478109644307007
2022-06-03,0.1718447908092046,0.16265859059004711
2022-06-06,0.168050659962083,0.17217767130280348
2022-06-07,0.1644316578336652,0.16774350159550916
2022-06-08,0.1508019841816625,0.16383524713891634
2022-06-09,0.1255272527437933,0.14953983522825423
2022-06-10,0.1163921413130664,0.1238521227772066
2022-06-13,0.118726986783056,0.117146199631288
2022-06-14,0.1226670489512462,0.11989789180546673
2022-06-15,0.1174428301246278,0.12333954901992784
2022-06-16,0.123309141197237,0.11861979000884477
2022-06-17,0.1266363085170714,0.1240821631797762
2022-06-20,0.1253813214227248,0.1267566762680914
2022-06-21,0.1291462548722112,0.12482277752773223
2022-06-22,0.1215871905756032,0.12957088879622886
2022-06-23,0.1274243042505773,0.12082234341040438
2022-06-24,0.1315686647015527,0.12720403022748047
2022-06-27,0.1312768020594156,0.1309116067230453
2022-06-28,0.1259358493093638,0.12994038857847978
2022-06-29,0.1266946754787881,0.12523148013269902
2022-06-30,0.1257023536289434,0.12600343999643854
2022-07-01,0.1292046218339279,0.12484690582118933
2022-07-04,0.1199528043133211,0.12867854640988244
2022-07-05,0.1196317442735489,0.11845711897469616
2022-07-06,0.1285625574214906,0.11948088707991801
2022-07-07,0.130576342851708,0.1288311542052273
2022-07-08,0.1240387699690263,0.13069989819932593
2022-07-11,0.1146118237297158,0.12439943537530007
2022-07-12,0.1148744889742178,0.11401759170335068
2022-07-13,0.1073738055561032,0.11454466654225977
2022-07-14,0.1132984696736524,0.10687948284871286
2022-07-15,0.1132401027119357,0.11414522283650581
2022-07-18,0.1226086819895295,0.11292306210879216
2022-07-19,0.1173260962011944,0.12337366087603727
2022-07-20,0.119106413784545,0.11616763538753494
2022-07-21,0.1160419117092126,0.11898141047508345
2022-07-22,0.1189021155017597,0.11566766568262193
2022-07-25,0.1135903323157895,0.11896078488334359
2022-07-26,0.1167423709169202,0.11334546990238627
2022-07-27,0.1172093622777609,0.116904526856907
2022-07-28,0.1317437655867028,0.11672068686716232
2022-07-29,0.1287376583066407,0.13128744982234308
2022-08-01,0.1316562290609045,0.12778067863220952
2022-08-02,0.1400032890910185,0.1316251135382438
2022-08-03,0.142980226806999,0.13997812107382285
2022-08-04,0.1436514886170715,0.14254663668955966
2022-08-05,0.1451399713918386,0.14391092953678736
2022-08-08,0.1469786559369059,0.14501573138317073
2022-08-09,0.1487881709178916,0.14713528497194905
2022-08-10,0.1499555936528864,0.14905360283481478
2022-08-11,0.1527574026501633,0.1499751587073176
2022-08-12,0.1539248253851581,0.15308316022247564
2022-08-15,0.1574270935901426,0.15410377472918713
2022-08-16,0.1555008446857235,0.1578078874147375
2022-08-17,0.1574854605518593,0.15522664325369584
2022-08-18,0.1479709777867505,0.15810731983624254
2022-08-19,0.1395655229613663,0.1474023908932565
2022-08-22,0.1415793083915838,0.13941762655801296
2022-08-23,0.1391860959598774,0.14242139829494194
2022-08-24,0.1378435723397325,0.13956011058710427
2022-08-25,0.1338451432098256,0.1377527931492923
2022-08-26,0.1327068900389124,0.13347127062731595
2022-08-29,0.1358005616783264,0.13313949309564835
2022-08-30,0.1360924243204635,0.13570396020525055
2022-08-31,0.1328236517958994,0.13602027455121196
2022-09-01,0.1401200508480054,0.13286339121679133
2022-09-02,0.1348082676620352,0.14012959994872132
2022-09-05,0.1361507912821802,0.13497586198038714
2022-09-06,0.1360340573587468,0.13602922987828373
2022-09-07,0.1438849842974919,0.13603288024116
2022-09-08,0.1571352587815591,0.1434695744795656
2022-09-09,0.1632058403034,0.15671719322803593
2022-09-12,0.1591782416094116,0.1627348687050138
2022-09-13,0.1586528832868541,0.15813275983405167
2022-09-14,0.1650153552843858,0.15843537963507373
2022-09-15,0.1615422566434829,0.1648138312166984
2022-09-16,0.1607250635123419,0.16182441620101337
2022-09-19,0.1605791321912733,0.16110356847263524
2022-09-20,0.1617465827598217,0.16073183530508353
2022-09-21,0.159937067778836,0.1621830924108895
2022-09-22,0.1516483468768852,0.16023271822049912
2022-09-23,0.1506852224246756,0.150980686320427
2022-09-26,0.1448773061473366,0.15143323588257412
2022-09-27,0.1449648426731349,0.14372428326746695
2022-09-28,0.1396530594871647,0.1457057188587514
2022-09-29,0.1436223190529899,0.13999724710925304
2022-09-30,0.1472413211814078,0.14414948613770925
2022-10-03,0.1600538017022694,0.1480729323877182
2022-10-04,0.1552673768388566,0.16022855087239746
2022-10-05,0.1540707567062267,0.15467697130817343
2022-10-06,0.1435931216553548,0.15334113718351766
2022-10-07,0.1435931216553548,0.14361550186746658
2022-10-10,0.1411123448642966,0.14349171997032023
2022-10-11,0.1414334049040688,0.1408689885295743
2022-10-12,0.1494886301255992,0.14149912608847276
2022-10-13,0.1509770850668127,0.15011629418287284
2022-10-14,0.1574854605518593,0.14999356209939302
2022-10-17,0.1624762115316109,0.15751410810670347
2022-10-18,0.1637311986259575,0.16218900238160688
2022-10-19,0.1685176234893702,0.16328249665681863
2022-10-20,0.165744984056175,0.16894100860685446
2022-10-21,0.176806344391321,0.1655221941481576
2022-10-24,0.1791995568230274,0.1769256438777076
2022-10-25,0.1786742263340234,0.17884977899957907
2022-10-26,0.1808339430853095,0.17795361795298759
2022-10-27,0.1801334838776018,0.1809224994821851
2022-10-28,0.1779737671263158,0.17987587903286273
2022-10-31,0.1806588422001593,0.1776143682908683
2022-11-01,0.1824683293475915,0.18078454140270572
2022-11-02,0.1790244559378773,0.18254297801859062
2022-11-03,0.1835190181591529,0.17933620587288648
2022-11-04,0.185445267063572,0.18368717436342252
2022-11-07,0.1844529730472809,0.1858509129163058
2022-11-08,0.1825267241428618,0.18457430453670906
2022-11-09,0.1836357799161399,0.18269322144995825
2022-11-10,0.1831104215935824,0.18395013082210518
2022-11-11,0.1873131490062745,0.1831948583914313
2022-11-14,0.1897647283996976,0.18768596085606232
2022-11-15,0.1869045524407039,0.18990916922127646
2022-11-16,0.185153404421435,0.18671525904804065
2022-11-17,0.1919244729845371,0.18472467464626968
2022-11-18,0.1923330695501076,0.19190264448306446
2022-11-21,0.1960688334355125,0.19245563298615084
2022-11-22,0.1970611274518036,0.1964192714376193
2022-11-23,0.1996294686022137,0.19723437842849162
2022-11-24,0.2031901037689149,0.19986432701632456
2022-11-25,0.197294623132224,0.2034752177960643
2022-11-28,0.2021978097526237,0.1969123949018749
2022-11-29,0.2014973505449161,0.2024087094877895
2022-11-30,0.1988122754710726,0.2015183169846707
2022-12-01,0.2014973505449161,0.19814638269267876
2022-12-02,0.198111816263365,0.2019510510604911
2022-12-05,0.1974697518509277,0.19788638643901477
2022-12-06,0.1959520995120791,0.19763413565586077
2022-12-07,0.195660236869942,0.19603187962328206
2022-12-08,0.1968860265666535,0.19554554203095575
2022-12-09,0.1943176854162435,0.1970650745369537
2022-12-12,0.198228578020352,0.19414865248792235
2022-12-13,0.1971195222470739,0.19832521743619833
2022-12-14,0.1853869001018554,0.19708829252370777
2022-12-15,0.1890059022302733,0.18357628248010843
2022-12-16,0.1893561318341271,0.1892729218792424
2022-12-19,0.1982869449820687,0.18889848398178477
2022-12-20,0.2058751788427583,0.198648151132006
2022-12-21,0.2031901037689149,0.2059177344013403
2022-12-22,0.2046493891460468,0.20224865619921245
2022-12-23,0.2036570951297556,0.2042228393799719
2022-12-27,0.2040073247336094,0.20282934335433578
2022-12-28,0.2067507667691696,0.2035067775897651
2022-12-29,0.2027815072033443,0.20703039078355462
2022-12-30,0.2114204577091489,0.20228277294370253
2023-01-02,0.2164987452146988,0.21139246831351471
2023-01-03,0.2299824875456328,0.21631224619974476
2023-01-04,0.2331345261467635,0.22991522354514798
2023-01-05,0.2364033265048811,0.2329520486983987
2023-01-06,0.2403141912754362,0.23598261988039976
2023-01-09,0.2422404401798553,0.24014783987210203
2023-01-10,0.2400806955950157,0.24207177261327661
2023-01-11,0.2428825324258462,0.23953672628768607
2023-01-12,0.2452757448575525,0.24297037165410032
2023-01-13,0.2473770946471218,0.24509212201220845
2023-01-16,0.2483694164969665,0.2473444806460859
2023-01-17,0.2500038027592485,0.2483291520861987
2023-01-18,0.2422404401798553,0.2501465409763416
2023-01-19,0.2455676074996896,0.24145921541421836
2023-01-20,0.2504123993248191,0.2454031621068791
2023-01-23,0.2493033713850945,0.25040178839469096
2023-01-24,0.2411897513682938,0.24893651153223684
2023-01-25,0.2484861504203999,0.24102690588246248
2023-01-26,0.2494784722702446,0.24851736156063947
2023-01-27,0.2497703349123817,0.248598430896543
2023-01-30,0.2511712254942434,0.24950443001815295
2023-01-31,0.2689160900331398,0.25076158326559606
2023-02-01,0.2707255771805719,0.2688287365034938
2023-02-02,0.2770880491781035,0.2696377931754931
2023-02-03,0.2702586136532847,0.27663162437696176
2023-02-06,0.2694997874838604,0.26918707786586116
2023-02-07,0.2680988690684452,0.26826248677740494
2023-02-08,0.2708423389375589,0.26681973994637137
2023-02-09,0.2673400428990208,0.26991936351255386
2023-02-10,0.2726518260849911,0.2667407894280721
2023-02-13,0.2752201672354011,0.2726368739986257
2023-02-14,0.2756287638009716,0.27438639899231887
2023-02-15,0.2831002915717813,0.27523652465153464
2023-02-16,0.281115647872092,0.2829823826639145
2023-02-17,0.2809405469869418,0.2808535187664212
2023-02-20,0.2806486843448048,0.2804659064541053
2023-02-21,0.2794228946480932,0.2803981948714928
2023-02-22,0.2844428151919263,0.27929879265371255
2023-02-23,0.2841509525497893,0.2844294111195765
2023-02-24,0.2934319674680312,0.28355903317694664
2023-02-27,0.3042890295203919,0.29310493095961393
2023-02-28,0.2956500790145874,0.3039212445950233
2023-03-01,0.2976930896759935,0.2928578294914998
2023-03-02,0.3045808643289755,0.29716623056916447
2023-03-03,0.3085501238948007,0.30389395341070763
2023-03-06,0.2992691089765588,0.30763675237326044
2023-03-07,0.3012537248426947,0.2972351314144429
2023-03-08,0.2999695403507129,0.30089590165002295
2023-03-09,0.285435137041771,0.2991886472105578
2023-03-10,0.2515214550980972,0.2852386440640846
2023-03-13,0.2644214999783105,0.24764913209455
2023-03-14,0.2269471828679355,0.2660300590222521
2023-03-15,0.2389716676552911,0.22341866067625052
2023-03-16,0.2262467236602279,0.23874700760115047
2023-03-17,0.2376291162015926,0.22607148377846886
2023-03-20,0.2572418348496379,0.23892228754870112
2023-03-21,0.2582925236611993,0.2577238881089153
2023-03-22,0.248252682573533,0.25708130342990765
2023-03-23,0.2316752686031851,0.2476077861040543
2023-03-24,0.2390884015787245,0.22967411629033865
2023-03-27,0.2442250560459911,0.23728772435211806
2023-03-28,0.2522219143058048,0.2427123244825441
2023-03-29,0.2602771395273352,0.25114194720545424
2023-03-30,0.2574753305300583,0.25831252461449683
2023-03-31,0.2402558243137194,0.25443695122461607
2023-04-03,0.2466766632729677,0.2389370268450138
2023-04-04,0.2509961246090933,0.2453243083899949
2023-04-05,0.2580006610190622,0.24983769296657082
2023-04-06,0.2522802812675215,0.2575411942821077
2023-04-11,0.2590513498306237,0.2509958359011648
2023-04-12,0.2608024700163391,0.2585135431540748
2023-04-13,0.2711925685414126,0.2597685975955243
2023-04-14,0.2657056566367388,0.27018236207615415
2023-04-17,0.2744613410659768,0.26360869062751124
2023-04-18,0.2777301414240944,0.27323281463274623
2023-04-19,0.2716595320686999,0.27626856339203576
2023-04-20,0.2697916501259975,0.2683719564453303
2023-04-21,0.2716595320686999,0.26908756661378197
2023-04-24,0.261969892751334,0.27096005975870885
2023-04-25,0.2639545364510233,0.26076365891644376
2023-04-26,0.2760957273282589,0.263502394230991
2023-04-27,0.2620866545083209,0.27533905762287303
2023-04-28,0.2477273242509756,0.2586234163071516
2023-05-02,0.2410730174448604,0.2454172200285974
2023-05-03,0.2346521784856121,0.23927356803666205
2023-05-04,0.2410730174448604,0.23396880154424493
2023-05-05,0.2467933971964011,0.2412625782194581
2023-05-08,0.2422404401798553,0.2468077625790398
2023-05-09,0.241773476652568,0.24144886962775172
2023-05-10,0.2555490816256392,0.2403788917538032
2023-05-11,0.2590513498306237,0.2547716820307364
2023-05-12,0.2429408993875628,0.2571943667393424
2023-05-15,0.2416567427291346,0.24111657307503698
2023-05-16,0.2456259744614063,0.240687145896001
2023-05-17,0.2512296202895136,0.24479678599933247
2023-05-18,0.2528640065517957,0.24945779512288715
2023-05-19,0.2535644657595033,0.25149124188737326
2023-05-22,0.2528640065517957,0.25253935643282277
2023-05-23,0.2439915881991242,0.2513904867244983
2023-05-24,0.2484277834586832,0.2425289688625919
2023-05-25,0.2521635473440881,0.24763202131090364
2023-05-26,0.2474938564041087,0.2514555022436936
2023-05-29,0.2450422491771322,0.24558844813726344
2023-05-30,0.2311499102806276,0.24422618745878183
2023-05-31,0.2390884015787245,0.22938901085215233
2023-06-01,0.2527472447948087,0.23822602071040852
2023-06-02,0.2512296202895136,0.2519844043702752
2023-06-05,0.2520468134206546,0.2496040596971481
2023-06-06,0.2526305108713753,0.25163137563466476
2023-06-07,0.258350890622916,0.25102456594396877
2023-06-08,0.2539146953633571,0.25651223569905374
2023-06-09,0.2564830086802136,0.25191715752187926
2023-06-12,0.2551988520217853,0.2553114490113126
2023-06-13,0.2694414205221437,0.25392940906473727
2023-06-14,0.2669898411287206,0.2685419263191327
2023-06-15,0.2702586136532847,0.26519639386472016
2023-06-16,0.2707255771805719,0.26890178004023346
2023-06-19,0.2673400428990208,0.26953929945957955
2023-06-20,0.2690911909182899,0.26589671809602855
2023-06-21,0.2668730793717336,0.26803792162608253
2023-06-22,0.2622033884317544,0.26643047502472306
2023-06-23,0.2678070342598616,0.26151691997751064
2023-06-26,0.2699083840494309,0.26729443835920164
2023-06-27,0.2739943775386896,0.2688545992452881
2023-06-28,0.2800649868940841,0.2733111378544414
2023-06-29,0.2843844482302096,0.27939346011002
2023-06-30,0.2877699825117607,0.2830832645574861
2023-07-03,0.2839174847029224,0.2867360878495441
2023-07-04,0.2800649868940841,0.2821932144656594
2023-07-05,0.2731771844075486,0.27890041452860714
2023-07-06,0.2763292230086792,0.27197540088189576
2023-07-07,0.2753952681205513,0.27547032776264585
2023-07-10,0.2791310320059561,0.27456802137823383
2023-07-11,0.2887039095663351,0.2780940876509871
2023-07-12,0.2878867164351941,0.28814522887850536
2023-07-13,0.2871862572274865,0.2866475086727225
2023-07-14,0.2882369460390479,0.2859874985504838
2023-07-17,0.2919727099244528,0.28734148632085643
2023-07-18,0.2885871756429017,0.29085348149298335
2023-07-19,0.2938405640336017,0.28712704508158626
2023-07-20,0.2898713323013299,0.2932547893073657
2023-07-21,0.2894043687740427,0.2883421966074918
2023-07-24,0.2901048279817503,0.2892056789603238
2023-07-25,0.289054139170189,0.2889581249056039
2023-07-26,0.2953582163724503,0.2877221390303372
2023-07-27,0.301895789255132,0.29455411969530954
2023-07-28,0.2947745189217297,0.3006718965664301
2023-07-31,0.2825165662875072,0.29231633736710816
2023-08-01,0.2753952681205513,0.280116044014561
2023-08-02,0.275045066350251,0.27466689819821805
2023-08-03,0.2780803431943947,0.27455419723777896
2023-08-04,0.2806486843448048,0.2771767713164837
2023-08-07,0.2728269548036947,0.2799754998745474
2023-08-08,0.2772631500632537,0.27188238112358
2023-08-09,0.2922061777713196,0.27547603022174466
2023-08-10,0.2930233709024607,0.29113103702098464
2023-08-11,0.2943075553944424,0.2916755259019963
2023-08-14,0.289054139170189,0.29324752672979126
2023-08-15,0.2877699825117607,0.2869563562902312
2023-08-16,0.287069523304053,0.2863203682349893
2023-08-17,0.2860188344924916,0.2855563999744275
2023-08-18,0.2881202121156145,0.28495933805927065
2023-08-21,0.2899880662247634,0.2870919820501423
2023-08-22,0.287069523304053,0.2883822452436825
2023-08-23,0.2925564073751734,0.2849070684497522
2023-08-24,0.2912722507167452,0.2912653929694037
2023-08-25,0.2988605124109883,0.2898642748358365
2023-08-28,0.3029464780666934,0.2981346383557767
2023-08-29,0.3055148192171035,0.3020068109192664
2023-08-30,0.2980432914462938,0.3042609496447315
2023-08-31,0.2979265575228603,0.29583573787624734
2023-09-01,0.2993274759382756,0.2962045748537734
2023-09-04,0.2916224803205989,0.2978453822226502
2023-09-05,0.283683989022502,0.29013611012876894
2023-09-06,0.2792477659293895,0.2819340030003034
2023-09-07,0.2807654182682382,0.27802003315984214
2023-09-08,0.2866025597767658,0.2792937958923253
2023-09-11,0.2878867164351941,0.28574511251876356
2023-09-12,0.2894043687740427,0.28712198299431946
2023-09-13,0.2967591347878655,0.2886036375281296
2023-09-14,0.2947745189217297,0.2960887184423162
2023-09-15,0.2916224803205989,0.2926380448019474
2023-09-18,0.3008451282771242,0.28992652605810243
2023-09-19,0.3113519328920776,0.3002332517330712
2023-09-20,0.3112351989686442,0.310090936554443
2023-09-21,0.3097175466297956,0.3100920790260862
2023-09-22,0.3052813235366831,0.30816197555067426
2023-09-25,0.3041139008016883,0.3029194504927806
2023-09-26,0.3085501238948007,0.30232845162420235
2023-09-27,0.3226759584717257,0.3076112088721801
2023-09-28,0.3239601151301539,0.3220964282221953
2023-09-29,0.3229094263185925,0.3228736569149332
2023-10-02,0.3252442717885822,0.32150889206306166
2023-10-03,0.3190569285097542,0.3242791714734239
2023-10-04,0.3199908833978822,0.3170465006660418
2023-10-05,0.3219754992640181,0.3184629231291068
2023-10-06,0.3071492054793856,0.32084409396676683
2023-10-09,0.3204578469251694,0.30666695587875537
2023-10-10,0.3281628425428459,0.3197826531239275
2023-10-11,0.3290967695974204,0.3271569028788398
2023-10-12,0.3223257288678719,0.3274243614010963
2023-10-13,0.3233763898458797,0.32048426119292905
2023-10-16,0.3259447309962898,0.32137528557054196
2023-10-17,0.3226759584717257,0.32447390012695343
2023-10-18,0.3189401945863208,0.32063659428864516
2023-10-19,0.3140370079659211,0.317685679112664
2023-10-20,0.3129863191543597,0.31280128666807894
2023-10-23,0.3053980852936701,0.31156543650457535
2023-10-24,0.3076161690066728,0.3031529165793444
2023-10-25,0.3094840509493752,0.3066591259403575
2023-10-26,0.3083166282143804,0.3086741121574461
2023-10-27,0.3119356581763518,0.306099888871444
2023-10-30,0.3071492054793856,0.310724977512006
2023-10-31,0.3169555787201849,0.30766096373753193
2023-11-01,0.3196406537940284,0.315527437200456
2023-11-02,0.3253610335455691,0.31782652307781945
2023-11-03,0.3244270786574411,0.3236620210094835
2023-11-06,0.324777308261295,0.32271680777715395
2023-11-07,0.3310813854635564,0.32293044744290866
2023-11-08,0.3392533724420736,0.3298939432296459
2023-11-09,0.3350506450293816,0.337737304579821
2023-11-10,0.3411212265512226,0.33338213607700296
2023-11-13,0.353612702699419,0.33999224859197996
2023-11-14,0.3538461705462858,0.35224981153713064
2023-11-15,0.3506941319451551,0.35183958332293797
2023-11-16,0.3574652005082572,0.34889831606802285
2023-11-17,0.3575819344316907,0.35625832702695537
2023-11-20,0.3581656040488578,0.35603444021164626
2023-11-21,0.3626018271419702,0.35707763102022416
2023-11-22,0.3668045823882159,0.36175460099930756
2023-11-23,0.3636525437870852,0.36597129502819015
2023-11-24,0.3642362134042523,0.361881124897337
2023-11-27,0.3750933032901666,0.363063127042034
2023-11-28,0.3815141144158614,0.37420944414080615
2023-11-29,0.3704235566830803,0.3802999307974436
2023-11-30,0.3733421274373441,0.3673315296796188
2023-12-01,0.3794127367927385,0.3716915589620885
2023-12-04,0.3775448826835897,0.37741387925567027
2023-12-05,0.3763774321150412,0.37534964384726643
2023-12-06,0.3676217755193569,0.3746309699702354
2023-12-07,0.3704235566830803,0.3651250911958759
2023-12-08,0.3696063635519393,0.36885737015706827
2023-12-11,0.3654036639728007,0.3677627420168343
2023-12-12,0.365753865743101,0.3633494124363391
2023-12-13,0.3626018271419702,0.3647083449289068
2023-12-14,0.3574652005082572,0.35997534107038665
2023-12-15,0.3554805568085679,0.35511925543717815
2023-12-18,0.3561810160162754,0.35410274534377595
2023-12-19,0.3508108658685886,0.35487406797218446
2023-12-20,0.3544298958305599,0.3484363448059744
2023-12-21,0.3547800976008603,0.35329491763311305
2023-12-22,0.3550135654477271,0.35296031306485526
2023-12-27,0.3520950503605703,0.35297262134596585
2023-12-28,0.3540796383931526,0.34978141736197466
2023-12-29,0.365753865743101,0.35221633645244416
2024-01-02,0.359566522464273,0.3639782802608541
2024-01-03,0.3677385094427903,0.35617118677186166
2024-01-04,0.370890548043921,0.3661829739493113
2024-01-05,0.3760272303447411,0.3689092915926699
2024-01-08,0.3650534065353934,0.37403727982254376
2024-01-09,0.3643530029947928,0.36234748166043257
2024-01-10,0.3572316769942834,0.3625253561816855
2024-01-11,0.3576986683551241,0.35399881118666765
2024-01-12,0.3555972907320013,0.3557090956407081
2024-01-15,0.3491764796063065,0.3541216797860398
2024-01-16,0.3463746427754761,0.34771535953055555
2024-01-17,0.3457909174912019,0.3456220957747828
2024-01-18,0.3406542630239354,0.34419504398893547
2024-01-19,0.350927599792022,0.33816840416639793
2024-01-22,0.3487094882454657,0.3497827718112941
2024-01-23,0.3540796383931526,0.3466916647227711
2024-01-24,0.3461411749286092,0.35277465633955973
2024-01-25,0.3462579088520427,0.3436768934557814
2024-01-26,0.3475420933440244,0.3440075108787279
2024-01-29,0.3767276895524487,0.3452387027481724
2024-01-30,0.3803466638473131,0.3751070738749149
2024-01-31,0.3802299299238796,0.3772408556463003
2024-02-01,0.397040839574648,0.3775226627841394
2024-02-02,0.3954064533123659,0.39414752328542435
2024-02-05,0.4053295604765988,0.39144974559946305
2024-02-06,0.3984417579900632,0.40273432914632357
2024-02-07,0.4060300196843063,0.3958357949187493
2024-02-08,0.4081313973074291,0.40372639702900737
2024-02-09,0.4138517492254164,0.4061893615078049
2024-02-12,0.4152526676408316,0.41160992960545373
2024-02-13,0.4101159853400113,0.41296223067405335
2024-02-14,0.4017105305146274,0.40742846151948053
2024-02-15,0.4001928781757787,0.3986846190176158
2024-02-16,0.4007766034600529,0.39786299581146345
2024-02-19,0.4049793030391914,0.399513568117931
2024-02-20,0.4164200625422729,0.4041011598124048
2024-02-21,0.4186381740888292,0.4154546607094041
2024-02-22,0.4243585816739232,0.41654063683524645
2024-02-23,0.4258762340127719,0.42247542984761743
2024-02-26,0.4208562856353854,0.4236388449709644
2024-02-27,0.4179377148811217,0.4178677119014874
2024-02-28,0.4101159853400113,0.41559468250607245
2024-02-29,0.4203893499416516,0.40727205571039526
2024-03-01,0.4234245989522417,0.4186901460978828
2024-03-04,0.4277440881219209,0.4212920081869109
2024-03-05,0.4379006631330205,0.4256765127475629
2024-03-06,0.4487576973518278,0.43598116905219875
2024-03-07,0.4516762681060917,0.4464175035934223
2024-03-08,0.4538943796526478,0.4485138664187833
2024-03-11,0.4690125082458641,0.45173937709798284
2024-03-12,0.4733903922108133,0.46696918281368605
2024-03-13,0.4687206456037269,0.4707394841354663
2024-03-14,0.4818541861643606,0.4654406964369733
2024-03-15,0.4801030659786452,0.4796413572235835
2024-03-18,0.4871076023886141,0.47638817882657974
2024-03-19,0.4882749972900553,0.4845189393500594
2024-03-20,0.5043271086049531,0.4854835464791237
2024-03-21,0.5101641944463736,0.5013559982423611
2024-03-22,0.5075374863342469,0.5073398480083813
2024-03-25,0.5066619540749427,0.5048694807346306
2024-03-26,0.5104560570885107,0.5042822901097662
2024-03-27,0.5183361814248909,0.5082318587208884
2024-03-28,0.5142502157691858,0.5158696868824818
2024-04-02,0.5189199067091651,0.5111995358715992
2024-04-03,0.5297185461327022,0.5165746146936648
2024-04-04,0.5162931985970384,0.5270645101611142
2024-04-05,0.4955713963421614,0.5124068656252377
2024-04-08,0.4856482891779287,0.49403681462831533
2024-04-09,0.4824379114486348,0.48266125260301457
2024-04-10,0.4646346799480217,0.4799377996859938
2024-04-11,0.4605487142923166,0.46234702735261635
2024-04-12,0.4675532507022855,0.46011959900820154
2024-04-15,0.4554120319914965,0.46738785636478025
2024-04-16,0.4704718214565495,0.4537536274454107
2024-04-17,0.4821460488064976,0.4695400056130828
2024-04-18,0.4695962335301383,0.47972411399619963
2024-04-19,0.4827297740907718,0.46763743940940444
2024-04-22,0.4961551216264356,0.4799130759872215
2024-04-23,0.4897343105007409,0.4923794519736503
2024-04-24,0.4871076023886141,0.4844708934989252
2024-04-25,0.51512574802849,0.4826918776935448
2024-04-26,0.5101641944463736,0.5115329181434668
2024-04-29,0.4678451133444227,0.5032150924786921
2024-04-30,0.4450219891335299,0.4589145813866115
2024-05-02,0.4488744869423685,0.4427699184860647
2024-05-03,0.4482907616580942,0.4466662133932555
2024-05-06,0.4690125082458641,0.44704134866952805
2024-05-07,0.4745577871122545,0.46850615230987225
2024-05-08,0.4342816888381562,0.47177493975815216
2024-05-09,0.4407024999638509,0.4332850597149708
2024-05-10,0.441519693094992,0.4398223151041463
2024-05-13,0.451793002029525,0.4395425654977827
2024-05-14,0.4693043708880011,0.4508913968791315
2024-05-15,0.4561124911992041,0.4679921794935644
2024-05-16,0.4587975941066011,0.45148403559952843
2024-05-17,0.453660911805781,0.45619040749885253
2024-05-20,0.4568129504069118,0.4495087315023569
2024-05-21,0.458213868822327,0.45333417904984363
2024-05-22,0.4596731263659053,0.4553161527985795
2024-05-23,0.4555287659149299,0.4562737536733913
2024-05-24,0.4564626929695043,0.45275262590666615
2024-05-27,0.4538943796526478,0.45328105991951173
2024-05-28,0.4439712724884151,0.4506943054569433
2024-05-29,0.4558790233523372,0.4408419374678165
2024-05-30,0.4541278474995148,0.45451692036760344
2024-05-31,0.4440880064118486,0.4513243208887131
2024-06-03,0.4258762340127719,0.43961727463041544
2024-06-04,0.4313631180838922,0.42213122948937
2024-06-05,0.445839182264671,0.4297771926296633
2024-06-06,0.4514428002592248,0.44413504764009815
2024-06-07,0.4436210707181148,0.4495704386496764
2024-06-10,0.4335812296304487,0.4405325257320264
2024-06-11,0.4193386332965367,0.42948250297469237
2024-06-12,0.4060300196843063,0.41595722649690653
2024-06-13,0.4004264016897526,0.40334320429005677
2024-06-14,0.4035784402908833,0.3992657094200095
2024-06-17,0.4122173629631342,0.402168998088398
2024-06-18,0.4138517492254164,0.4103648006333004
2024-06-19,0.4196888907339441,0.4117425264146464
2024-06-20,0.4103494531868784,0.4173748796856623
2024-06-21,0.4221404701273671,0.4062305068758465
2024-06-24,0.4156028694111318,0.4201507390473169
2024-06-25,0.4109331784711525,0.4113985488861899
2024-06-26,0.4132680239411422,0.4076429087310828
2024-06-27,0.4198056246573775,0.4109020787072314
2024-06-28,0.4284445473296285,0.4165449987337779
2024-07-01,0.4226074058211007,0.4242660809198656
2024-07-02,0.4339314314007489,0.41912369968879504
2024-07-03,0.4346318906084565,0.4307256946014728
2024-07-04,0.4350988819692972,0.43072564710987027
2024-07-05,0.4327640364993076,0.4314237846036449
2024-07-08,0.4284445473296285,0.43005916700907293
2024-07-09,0.4379006631330205,0.42577147082840794
2024-07-10,0.4407024999638509,0.4358782391020741
2024-07-11,0.4451387230569635,0.4377266785686758
2024-07-12,0.4467731093192456,0.44273141576472635
2024-07-15,0.4389513797781353,0.44425270094834074
2024-07-16,0.4470065771661125,0.4353758454235864
2024-07-17,0.4545948388603555,0.444453564047514
2024-07-18,0.4506256071280838,0.45142058859847367
2024-07-19,0.4625916971201692,0.44791906558632294
2024-07-22,0.4690125082458641,0.4603519935549196
2024-07-23,0.4634672850465806,0.4657688408760333
2024-07-24,0.4590894010816311,0.45929031745052884
2024-07-25,0.4596731263659053,0.4564201468674499
2024-07-26,0.4593812637237682,0.45700754708342195
2024-07-29,0.4678451133444227,0.45574228402264955
2024-07-30,0.4403522981935506,0.46564864259081945
2024-07-31,0.4115169037554267,0.43666036260680074
2024-08-01,0.3919041572738279,0.40883928025349786
2024-08-02,0.381397380492428,0.3902320961944918
2024-08-05,0.377077891322749,0.3830365245663526
2024-08-06,0.3910869641426869,0.37645930426087193
2024-08-07,0.3885186508258303,0.3915270667827515
2024-08-08,0.3933050756892431,0.38835525109750935
2024-08-09,0.3948227280280917,0.3918367899102043
2024-08-12,0.3975078309354887,0.39266203853101217
2024-08-13,0.3968073717277812,0.39486227105477567
2024-08-14,0.4098825174931446,0.39391902962547676
2024-08-15,0.4128010882474084,0.40723766371758047
2024-08-16,0.4226074058211007,0.4095236787488708
2024-08-19,0.4188716976028031,0.4189976059959679
2024-08-20,0.4202725603511112,0.41397815101685115
2024-08-21,0.4195721011434036,0.41655125418983485
2024-08-22,0.4249422512910905,0.41596205047248996
2024-08-23,0.4235413885427824,0.4216195730990898
2024-08-26,0.4264599036299392,0.4206180697977819
2024-08-27,0.4265766932204796,0.42445886883192124
2024-08-28,0.4291450065373361,0.4239736186250727
2024-08-29,0.433697963553882,0.4271921707471979
2024-08-30,0.4314798520073258,0.4319131736471912
2024-09-02,0.415369401564265,0.428857648277911
2024-09-03,0.4019439983614943,0.4116012186785489
2024-09-04,0.4054462944000321,0.400732136787207
2024-09-05,0.3941222688203842,0.4040356927098588
2024-09-06,0.4012435948208936,0.3919638915964837
2024-09-09,0.3947059941046584,0.40026372536337335
2024-09-10,0.3930716078423762,0.3924751049052585
2024-09-11,0.4032281828534761,0.3904295373308645
2024-09-12,0.4139684831488499,0.4009377352796087
2024-09-13,0.418054448804555,0.4118095308083515
2024-09-16,0.423191131105375,0.4156804007558053
2024-09-17,0.4262264357830723,0.4203584360491083
2024-09-18,0.4443215299258224,0.42296640460953755
2024-09-19,0.4424536201495664,0.4407180231094571
2024-09-20,0.4424536201495664,0.43821243963781714
2024-09-23,0.441519693094992,0.43898784512287164
2024-09-24,0.438017397056454,0.4373193464894273
2024-09-25,0.4549450962977627,0.4346129515044816
2024-09-26,0.4538943796526478,0.45199460831938454
2024-09-27,0.4405857660404176,0.4509870198283649
2024-09-30,0.4167703199796801,0.4372206494629868
2024-10-01,0.4140852170722832,0.41190269392518847
2024-10-02,0.4187549080122626,0.41205441238611673
2024-10-03,0.4314798520073258,0.417722926688525
2024-10-04,0.4373169935158534,0.4305548515055196
2024-10-07,0.4174707791873878,0.43531303904504676
2024-10-08,0.4151359337173981,0.41624941205845484
2024-10-09,0.412684298656868,0.41296754842258665
2024-10-10,0.4160698607719726,0.4097057910838903
2024-10-11,0.4226074058211007,0.4140949877757357
2024-10-14,0.4250590408816309,0.42111018707935133
2024-10-15,0.4160698607719726,0.42227334809328976
2024-10-16,0.405096092629732,0.41248866111985233
2024-10-17,0.416186594695406,0.40055385386428016
2024-10-18,0.4035784402908833,0.41360347165145656
2024-10-21,0.407547672023155,0.4004480460425672
2024-10-22,0.4083648651542961,0.40551094742504645
2024-10-23,0.4010100713069197,0.40619252049642923
2024-10-24,0.4017105305146274,0.3977926282733503
2024-10-25,0.4026444575692018,0.399464681289476
2024-10-28,0.4003096120992122,0.39959226237034884
2024-10-29,0.4047458351923246,0.3971973090090794
2024-10-30,0.4080146077168886,0.40314066345821753
2024-10-31,0.4235413885427824,0.40634135419044165
2024-11-01,0.4314798520073258,0.4214195183407797
2024-11-04,0.4346318906084565,0.4285865155304956
2024-11-05,0.3975078309354887,0.4314880780362816
2024-11-06,0.4192218993731034,0.3926153967666705
2024-11-07,0.4052128265531652,0.41634283988958476
2024-11-08,0.4064969553780401,0.40146208535792216
2024-11-11,0.3942390027438177,0.4038587776221241
2024-11-12,0.3921376807878018,0.39258552822556336
2024-11-13,0.4042788994985909,0.39001320659647387
2024-11-14,0.4212065430727926,0.4025917163870727
2024-11-15,0.4242418477504898,0.4196810387335351
2024-11-18,0.4184047062419623,0.42207556698943494
2024-11-19,0.412684298656868,0.4149464016908856
2024-11-20,0.4140852170722832,0.4082413207635139
2024-11-21,0.4091820582854369,0.4110596200422915
2024-11-22,0.4139684831488499,0.40521789142373366
2024-11-25,0.3961069125200734,0.41106925904903036
2024-11-26,0.3872344663338486,0.3937094297308641
2024-11-27,0.3916706894269611,0.38442605003998326
2024-11-28,0.3955231872357994,0.38864034271889064
2024-11-29,0.397858032705789,0.3935164325983509
2024-12-02,0.4080146077168886,0.39678892298206025
2024-12-03,0.4133847578645757,0.4064644569945527
2024-12-04,0.436149542947305,0.4108068232521115
2024-12-05,0.4315965859307593,0.4339652345123065
2024-12-06,0.4332309721930413,0.4278220747777507
2024-12-09,0.4338146974773155,0.42977992393203157
2024-12-10,0.4289115386904691,0.4306754713923556
2024-12-11,0.4381341866469945,0.42469516318721656
2024-12-12,0.4403522981935506,0.43516704344620416
2024-12-13,0.4440880064118486,0.4369021366505837
2024-12-16,0.4296119978981769,0.4410530378225967
2024-12-17,0.4319468433681664,0.4254232607047313
2024-12-18,0.4210897534822522,0.4291651081812131
2024-12-19,0.4168870539031137,0.41896525873727736
2024-12-20,0.4167703199796801,0.4154244654169055
2024-12-23,0.4147856762799909,0.4152025975374095
2024-12-24,0.4217902126899598,0.41327307951938563
2024-12-27,0.4208562856353854,0.4207402987601367
2024-12-30,0.4256427104987981,0.41945952412493537
2024-12-31,0.4166535860562467,0.4236170497119016
2025-01-02,0.4178209809576882,0.41255020646250723
2025-01-03,0.4426871436635404,0.41508992005200285
2025-01-06,0.4502753496906764,0.44025190867922676
2025-01-07,0.4519097916200655,0.44648421626587714
2025-01-08,0.4572799417677525,0.44796887064911173
2025-01-09,0.4538943796526478,0.45454284881498347
2025-01-10,0.4719310790001277,0.4491178002975825
2025-01-13,0.4777682205086555,0.4685338822220499
2025-01-14,0.4815623235222235,0.473321343580526
2025-01-15,0.4768926325822444,0.477859330980046
2025-01-16,0.4771844952243814,0.472073349004289
2025-01-17,0.4824379114486348,0.4727032045611136
2025-01-20,0.4833134437079391,0.47894747060352777
2025-01-21,0.4783518901258226,0.48117700913485784
2025-01-22,0.4946958640828572,0.4747125409182447
2025-01-23,0.4996574176649737,0.4924794968398393
2025-01-24,0.5034515206785418,0.49599134112575993
2025-01-27,0.5124990399163633,0.5013358386184992
2025-01-28,0.5197954389684695,0.5098896597366215
2025-01-29,0.528551151231261,0.5165197045783959
2025-01-30,0.5189199067091651,0.5231058189042013
2025-01-31,0.5011166752085522,0.5136962175629561
2025-02-03,0.5160013359549013,0.49975653116405755
2025-02-04,0.5177524561406169,0.5125008359429034
2025-02-05,0.5530670564997059,0.5137638747967527
2025-02-06,0.55394258875901,0.5496354844199911
2025-02-07,0.5454787948054628,0.5493221673062001
2025-02-10,0.5571530221554112,0.5402650027181152
2025-02-11,0.5720376829017603,0.5532399936069065
2025-02-12,0.5717458202596232,0.5666509629257371
2025-02-13,0.5772910991260137,0.5669325197247262
2025-02-14,0.5857548930795612,0.5741146874943396
2025-02-17,0.6006395538259103,0.5818192875719183
2025-02-18,0.5816689274238559,0.5957787380548348
2025-02-19,0.5842956355359826,0.574448844689763
2025-02-20,0.5913001719459517,0.5802410316783743
2025-02-21,0.5980128457137835,0.5874940161331784
2025-02-24,0.6079359528780163,0.5936985332833203
2025-02-25,0.6289496177750303,0.6043705763093393
2025-02-26,0.6263229096629036,0.6249976004104859
2025-02-27,0.6225287509822285,0.6209032623768015
2025-02-28,0.6286577551328932,0.6186135360960937
2025-03-03,0.5889653264759621,0.623957189919096
2025-03-04,0.6234043389086398,0.5821927922708382
2025-03-05,0.6403319824828416,0.6189988873258253
2025-03-06,0.6420831026685571,0.6343647660837693
2025-03-07,0.6187346479686605,0.6376998486411728
2025-03-10,0.6056011074080266,0.6121593309355925
2025-03-11,0.6254473217364923,0.5991375057979563
2025-03-12,0.6193183732529347,0.6206648523166639
2025-03-13,0.6432505532371052,0.6149394398937027
2025-03-14,0.6487957764363889,0.6404035318587126
2025-03-17,0.6668908705791391,0.6443832146807821
2025-03-18,0.6587188836006218,0.6612450399896295
2025-03-19,0.6374134117285778,0.6539816142997756
2025-03-20,0.6371215490864407,0.6291865903175463
2025-03-21,0.6406238451249787,0.6331779341317187
2025-03-24,0.6584270209584847,0.6342758943380918
2025-03-25,0.6517143471906527,0.6540493247725564
2025-03-26,0.6414993773842829,0.6460534576949831
2025-03-27,0.616691665140808,0.6377337103546211
2025-03-28,0.6061848326923008,0.6121547405846448
2025-03-31,0.6184427853265234,0.6028813387328827
2025-04-01,0.6169834721158379,0.6155791711331994
2025-04-02,0.6056011074080266,0.6146065306965295
2025-04-03,0.5370149451848082,0.6042707893787344
2025-04-04,0.5049108338892273,0.5303805231865073
2025-04-07,0.5054945035063944,0.506806849266309
2025-04-08,0.4984899670964254,0.5055530155956064
2025-04-09,0.5381823957533566,0.5013851908893586
2025-04-10,0.5323452542448289,0.5300219747721611
2025-04-11,0.5542344514011471,0.5288991143900597
2025-04-14,0.5691191121474964,0.5494795291054745
2025-04-15,0.5714539576174861,0.5641749190324359
2025-04-16,0.5664924040353697,0.5659238523384833
2025-04-17,0.5694109747896335,0.560410958630389
2025-04-22,0.5950942749595197,0.5648723851781974
2025-04-23,0.5889653264759621,0.5885949968689154
2025-04-24,0.6009314164680476,0.5822132388865408
2025-04-25,0.6091034034465647,0.5941023588403193
2025-04-28,0.5942187427002156,0.6024523926147135
2025-04-29,0.5778748244102879,0.584020379382045
2025-04-30,0.5872142062902465,0.5697850289795295
2025-05-02,0.6000558285416361,0.5815939263744524
2025-05-05,0.6044337125065854,0.5970638336147477
2025-05-06,0.6064766953344379,0.6011402222677883
2025-05-07,0.621361356080787,0.6035713036691778
2025-05-08,0.6219450256979543,0.6175108550467528
2025-05-09,0.635370428900725,0.616323708749161
2025-05-12,0.6461690683242621,0.6299300852142921
2025-05-13,0.6563840381306322,0.6413888208597389
2025-05-14,0.6528817977592011,0.6506658545277952
2025-05-15,0.6560921754884949,0.6474128732948131
2025-05-16,0.6598863341691702,0.6503007088703062
2025-05-19,0.6776895656697831,0.6537224817650044
2025-05-20,0.673311681704834,0.6719921139049426
2025-05-21,0.6724361494455297,0.6671426190791973
2025-05-22,0.6482121068192218,0.666947839885167
2025-05-23,0.6581352139834545,0.6396864016023703
2025-05-26,0.6645560251091492,0.6512484763105333
2025-05-27,0.6467527936085363,0.6605876706360868
2025-05-28,0.6473365188928105,0.6407540223071081
2025-05-29,0.6450016734228209,0.6421260253108366
2025-05-30,0.6455853987070951,0.6404681373192692
2025-06-02,0.6423749653106942,0.6414068498395986
2025-06-03,0.6397482571985674,0.6375434425731689
2025-06-04,0.6444179481385467,0.6344714253972052
2025-06-05,0.6467527936085363,0.6412002644635993
2025-06-06,0.6473365188928105,0.6419621647546404
2025-06-09,0.6435424158792425,0.6426207400867517
2025-06-10,0.6476283815349476,0.6384266841322787
2025-06-11,0.645293536064958,0.6422900023485442
2025-06-12,0.6301170126764718,0.6405786053465504
2025-06-13,0.6450016734228209,0.6256184175724474
2025-06-16,0.6356622915428621,0.6404465243943788
2025-06-17,0.6371215490864407,0.629953050495862
2025-06-18,0.6234043389086398,0.632874833224211
2025-06-19,0.6274903045643448,0.6186480138330083
2025-06-20,0.620485768154376,0.6232184640488525
2025-06-23,0.6394563945564303,0.6159103531969493
2025-06-24,0.6158160772143967,0.6335998084157092
2025-06-25,0.6187346479686605,0.6084384229427405
2025-06-26,0.6333274460728725,0.614530474892036
2025-06-27,0.6359541541849992,0.6289039591131124
2025-06-30,0.623988064192914,0.6297389701551338
2025-07-01,0.6347867036164511,0.6185648734939019
2025-07-02,0.6476283815349476,0.6298355149356675
2025-07-03,0.627782167206482,0.642404262262986
2025-07-04,0.6414993773842829,0.6209420644269423
2025-07-07,0.6540491926606425,0.6379179270463985
2025-07-08,0.6677664585055504,0.6482643172074707
2025-07-09,0.6531736604013384,0.6616956902617323
2025-07-10,0.6289496177750303,0.6461621707888401
2025-07-11,0.6327437207885983,0.6226144655573701
2025-07-14,0.6178590600422492,0.6296644087666493
2025-07-15,0.6149404892879854,0.6115479212922436
2025-07-16,0.6193183732529347,0.6120565893364215
2025-07-17,0.6187346479686605,0.6160667456147232
2025-07-18,0.61318936910227,0.6144063292197718
2025-07-21,0.6108545236322801,0.6095706996487499
2025-07-22,0.623988064192914,0.6071435855342532
2025-07-23,0.6324518581464614,0.6193801926627388
2025-07-24,0.634494840974314,0.6271487044044747
2025-07-25,0.6432505532371052,0.6296816245415252
2025-07-28,0.6619293169970227,0.6366486337369558
2025-07-29,0.6654316130355608,0.6565447609016816
2025-07-30,0.7284724963923886,0.6587712372328869
2025-07-31,0.7118366597932168,0.7203034814014068
2025-08-01,0.7378118782723472,0.7012882461910531
2025-08-04,0.7454001399665903,0.729791709614805
2025-08-05,0.7634951784422332,0.7361722756205739
2025-08-06,0.7783798391885826,0.7544473610936242
2025-08-07,0.8043550020006058,0.7694052407289286
2025-08-08,0.811359538410575,0.796450808719218
2025-08-11,0.7938482252192058,0.8025337624467433
2025-08-12,0.8093165555827224,0.7837230416111786
2025-08-13,0.8279953193426397,0.8019698510567844
2025-08-14,0.8358754436790199,0.8205566796554614
2025-08-15,0.8288709629361579,0.8258647819341827
2025-08-18,0.8312057527390406,0.82201818685536
2025-08-19,0.8224500961433561,0.8244442401042443
2025-08-20,0.8320813963325588,0.8154434384516839
2025-08-21,0.8344161861354413,0.8263184603275303
2025-08-22,0.8163211476597982,0.8287224086213262
2025-08-25,0.7988097788013224,0.809723509535864
2025-08-26,0.7804228220164351,0.793727443610076
2025-08-27,0.7818821352271204,0.7735341886165829
2025-08-28,0.7780879765464455,0.7774563677844152
2025-08-29,0.7845088433392473,0.7738749674156302
2025-09-01,0.7751694057921816,0.7802602468058933
2025-09-02,0.7745857361750144,0.7689781051470093
2025-09-03,0.7967667959734699,0.7690422180446101
2025-09-04,0.7848006503142773,0.791089945754485
2025-09-05,0.79443195050348,0.7757324453020916
2025-09-08,0.8040631950255759,0.7887531819576831
2025-09-09,0.8166129546348284,0.7969350270619636
2025-09-10,0.8201151950062593,0.8087875509691747
2025-09-11,0.8204071133155035,0.8123440019089181
2025-09-12,0.8288709629361579,0.8127739233164449
2025-09-15,0.818655937462681,0.8211361523946193
2025-09-16,0.8110677314355448,0.8104990655496885
2025-09-17,0.8206989202905335,0.8028447214521172
2025-09-18,0.8317894780233146,0.8139814638368706
2025-09-19,0.8063980404955655,0.8250512166528116
2025-09-22,0.8180722121784068,0.7984349043764802
2025-09-23,0.8303302204797363,0.8123338313330469
2025-09-24,0.8139862465227017,0.8245023858220332
2025-09-25,0.8349999114197155,0.8063011212123891
2025-09-26,0.8218663708590819,0.8301631260682623
2025-09-29,0.8277035123676095,0.8142248075064186
2025-09-30,0.8297464951954621,0.8214988363774376
2025-10-01,0.8271197870833353,0.8233671781409692
2025-10-02,0.8323732033075888,0.8190072366432745
2025-10-03,0.8180722121784068,0.8256595274621596
2025-10-06,0.8110677314355448,0.8107141363686277
2025-10-07,0.8288709629361579,0.8049194126547381
2025-10-08,0.811651456719819,0.8235289231477929
2025-10-09,0.7955993454049215,0.803233671218138
2025-10-10,0.8002690363449008,0.7889325201721966
2025-10-13,0.8069817101127326,0.7955869709015956
2025-10-14,0.7953074827627844,0.8018783559751292
2025-10-15,0.7912215171070791,0.7886015897549635
2025-10-16,0.8460904691524969,0.7861614300360217
2025-10-17,0.8834479966723314,0.833924437426276
2025-10-20,0.8700226491366676,0.8743093208076571
2025-10-21,0.8662284904559925,0.8597710039178195
2025-10-22,0.8638935893188957,0.8590039628433026
2025-10-23,0.8603913489474648,0.8544351388084925
2025-10-24,0.8779027734730478,0.8507030207981496
2025-10-27,0.8773190481887736,0.8704987816700093
2025-10-28,0.9000837776043962,0.8710747437947313
2025-10-29,0.8825724644130271,0.8931059176694831
